date,player_id,serve_period,region,index,speed_mph,clear_net,let,shot_x,shot_y
2022-02-01,1,1,deuce tee,1,71.9,1,0,4.8828,0.3479
2022-02-01,1,1,deuce tee,2,83.6,1,0,4.5972,1.5425
2022-02-01,1,1,deuce tee,3,84.8,1,0,4.3057,1.0735
2022-02-01,1,1,deuce tee,4,85.6,1,0,5.1739,-0.1341
2022-02-01,1,1,deuce tee,5,71.3,1,0,5.9074,0.3523
2022-02-01,1,1,deuce wide,6,85.9,1,0,7.6308,4.9224
2022-02-01,1,1,deuce wide,7,75,0,0,NA,NA
2022-02-01,1,1,deuce wide,8,84.8,1,0,4.1091,3.2399
2022-02-01,1,1,deuce tee,9,87.8,1,0,4.6547,1.6495
2022-02-01,1,1,deuce tee,10,84,1,0,4.25,0.4298
2022-02-01,1,1,deuce wide,11,96.7,0,0,NA,NA
2022-02-01,1,1,deuce wide,12,69.2,1,0,4.3686,2.0983
2022-02-01,1,1,deuce tee,13,87.4,1,0,4.69,1.613
2022-02-01,1,1,deuce tee,14,98.5,1,0,7.6596,1.4661
2022-02-01,1,1,deuce wide,15,88.9,1,0,5.214,2.9252
2022-02-01,1,1,deuce tee,16,93.1,1,0,5.2756,-0.2642
2022-02-01,1,1,deuce tee,17,100.6,1,0,5.7336,0.7333
2022-02-01,1,1,deuce tee,18,96.4,1,0,6.461,0.0059
2022-02-01,1,1,deuce tee,19,99.6,1,1,4.6649,1.2944
2022-02-01,1,1,deuce wide,20,87.7,1,0,4.2475,3.3602
2022-02-01,1,1,deuce wide,21,85.1,1,0,5.5004,4.0884
2022-02-01,1,1,deuce tee,22,87,1,0,6.3891,0.0778
2022-02-01,1,1,deuce tee,23,91.4,1,0,7.1346,1.2625
2022-02-01,1,1,deuce tee,24,108.8,1,0,9.8415,1.4151
2022-02-01,1,1,deuce tee,25,103.2,1,0,5.2987,0.9826
2022-02-01,1,1,ad wide,26,88.6,0,0,NA,NA
2022-02-01,1,1,ad wide,27,66.2,0,0,NA,NA
2022-02-01,1,1,ad wide,28,69,1,0,4.6596,-3.4387
2022-02-01,1,1,ad tee,29,84.6,1,0,4.1497,-0.5249
2022-02-01,1,1,ad tee,30,83.4,1,0,3.9509,-1.5537
2022-02-01,1,1,ad wide,31,84.6,1,0,4.4329,-3.8733
2022-02-01,1,1,ad wide,32,80.6,1,0,3.9636,-4.2901
2022-02-01,1,1,ad tee,33,84.4,1,0,4.4454,-0.881
2022-02-01,1,1,ad tee,34,103.3,1,0,8.5561,-1.5169
2022-02-01,1,1,ad tee,35,76.8,1,0,4.1845,-0.7251
2022-02-01,1,1,ad wide,36,72.5,1,0,3.5688,-4.3589
2022-02-01,1,1,ad wide,37,62.9,1,0,5.211,-2.8729
2022-02-01,1,1,ad wide,38,NA,0,0,NA,NA
2022-02-01,1,1,ad wide,39,70.1,1,0,5.8545,-3.6178
2022-02-01,1,1,ad tee,40,87.3,1,0,6.6884,-1.4894
2022-02-01,1,1,ad tee,41,69.1,1,0,4.7517,-0.4123
2022-02-01,1,1,ad tee,42,75.4,1,0,4.6671,-1.561
2022-02-01,1,1,ad wide,43,72.6,1,0,4.4074,-2.8978
2022-02-01,1,1,ad tee,44,81.1,1,0,3.8468,-0.0106
2022-02-01,1,1,ad tee,45,65.4,1,0,4.472,-0.1264
2022-04-19,2,1,ad tee,1,95.1,1,0,7.2007,-1.0646
2022-04-19,2,2,ad wide,2,84.5,1,0,4.3542,-2.4591
2022-04-19,2,1,ad wide,3,88.7,1,0,4.7968,-3.1191
2022-04-19,2,1,deuce tee,4,108.4,1,0,4.9918,0.6352
2022-04-19,2,1,ad wide,5,84.1,1,0,5.2066,-3.766
2022-04-19,2,1,ad wide,6,113.8,0,0,NA,NA
2022-04-19,2,1,ad wide,7,89.9,1,0,4.5631,-3.4552
2022-04-19,2,1,deuce wide,8,97.7,1,0,4.4643,3.5411
2022-04-19,2,1,deuce wide,9,100.3,0,0,NA,NA
2022-04-19,2,2,deuce tee,10,83.1,1,0,5.3175,1.6215
2022-04-19,2,1,ad wide,11,117,1,0,4.9835,-3.3665
2022-04-19,2,1,deuce wide,12,98.8,1,0,4.3346,3.5292
2022-04-19,2,1,ad wide,13,120.5,0,0,NA,NA
2022-04-19,2,2,ad wide,14,84.5,1,0,4.5886,-2.4275
2022-04-19,2,1,deuce tee,15,118.7,0,0,NA,NA
2022-04-19,2,2,deuce wide,16,89.9,1,0,5.3713,3.5277
2022-04-19,3,1,ad wide,1,88.9,1,0,4.9264,-3.253
2022-04-19,3,1,ad wide,2,109.4,0,0,NA,NA
2022-04-19,3,2,ad wide,3,85.1,1,0,5.0633,-3.0683
2022-04-19,3,1,ad tee,4,94.6,1,0,4.5809,-0.7076
2022-04-19,3,1,deuce wide,5,103.9,1,0,6.5153,4.5201
2022-04-19,3,2,deuce tee,6,79.4,1,0,3.4713,1.4508
2022-04-19,3,1,deuce tee,7,103.3,1,0,5.935,0.8309
2022-04-19,3,1,ad wide,8,77.9,1,0,3.944,-2.5906
2022-04-19,3,1,ad wide,9,83.3,1,0,4.0646,-2.8705
2022-04-19,3,1,ad tee,10,100.1,1,0,5.5994,-0.7042
2022-04-19,3,1,ad wide,11,120,0,0,NA,NA
2022-04-19,3,2,ad tee,12,83.6,1,0,5.2637,-1.5368
2022-04-19,3,1,deuce tee,13,111,0,0,NA,NA
2022-04-19,3,2,deuce wide,14,77.4,1,0,4.2098,2.6688
2022-04-19,3,1,deuce tee,15,NA,1,0,5.1019,0.6296
2022-04-19,4,1,deuce tee,1,114.3,1,0,5.1733,0.4228
2022-04-19,4,1,ad tee,2,115.8,0,0,NA,NA
2022-04-19,4,2,ad tee,3,84.4,1,0,5.1092,-0.2161
2022-04-19,4,1,deuce tee,4,112.1,0,0,NA,NA
2022-04-19,4,2,deuce wide,5,88.5,1,0,5.8797,3.5728
2022-04-19,4,1,deuce tee,6,111.5,1,0,4.9531,-0.7053
2022-04-19,4,2,deuce tee,7,80.1,1,0,5.5291,1.2521
2022-04-19,4,1,ad tee,8,88.9,1,0,5.8778,-0.1438
2022-04-19,4,1,ad tee,9,98.8,1,0,6.5796,-0.7065
2022-04-19,4,2,ad wide,10,83.4,1,0,5.0005,-3.9801
2022-04-19,4,1,deuce wide,11,86.9,1,0,6.5811,3.9199
2022-04-19,4,2,deuce wide,12,83.1,1,0,4.0764,2.6735
2022-04-19,4,1,deuce tee,13,113.6,1,0,8.0027,-0.0052
2022-04-19,4,2,deuce wide,14,79.9,1,0,5.6699,3.7824
2022-04-19,4,1,deuce wide,15,84.1,1,0,4.9923,2.9612
2022-04-19,8,1,deuce tee,1,123,1,0,5.3341,-0.3634
2022-04-19,8,1,deuce wide,2,93.4,1,0,5.9922,3.4541
2022-04-19,8,1,deuce wide,3,95.4,1,0,7.3923,3.3454
2022-04-19,8,2,deuce tee,4,95.1,1,0,5.0213,1.565
2022-04-19,8,1,ad tee,5,133.7,1,0,7.9025,-0.933
2022-04-19,8,2,ad wide,6,91.2,1,0,4.0479,-2.406
2022-04-19,8,1,ad tee,7,126.6,1,0,5.3546,-0.9821
2022-04-19,8,1,deuce tee,8,129.3,1,0,5.8996,0.9413
2022-04-19,8,1,deuce wide,9,105.5,1,0,5.5137,2.9666
2022-04-19,8,1,deuce wide,10,93.5,1,0,5.3271,2.8222
2022-04-19,8,1,ad tee,11,134.1,1,0,6.3149,-0.6361
2022-04-19,8,2,ad tee,12,100.8,1,0,5.5801,-1.3828
2022-04-19,8,1,ad wide,13,106.2,1,0,4.708,-3.1908
2022-04-19,8,1,deuce tee,14,127.9,1,0,8.0836,0.8668
2022-04-19,8,2,deuce tee,15,96.7,1,0,5.5128,-0.0885
2022-09-20,2,1,deuce wide,1,100.1,1,1,NA,NA
2022-09-20,2,2,deuce wide,1,96,1,0,4.9355,2.7951
2022-09-20,2,1,deuce tee,2,98,1,0,5.2733,1.0464
2022-09-20,2,1,deuce tee,3,NA,0,0,NA,NA
2022-09-20,2,2,ad tee,3,87,1,0,5.0838,-1.8455
2022-09-20,2,1,deuce wide,4,NA,0,0,NA,NA
2022-09-20,2,2,ad tee,4,85.7,1,0,4.3758,-0.2811
2022-09-20,2,1,ad tee,5,97,0,0,NA,NA
2022-09-20,2,2,deuce tee,5,79.9,1,0,4.2645,0.409
2022-09-20,2,1,ad tee,6,94.1,1,0,6.275,-1.1558
2022-09-20,2,1,deuce wide,7,102.2,0,0,NA,NA
2022-09-20,2,2,ad tee,7,80.9,1,0,5.6797,-1.8547
2022-09-20,2,1,deuce wide,8,NA,0,0,NA,NA
2022-09-20,2,2,ad tee,8,92.5,1,0,5.8491,-0.066
2022-09-20,2,1,ad wide,9,113.3,1,1,NA,NA
2022-09-20,2,1,deuce tee,9,111.3,0,0,NA,NA
2022-09-20,2,2,deuce wide,9,93.8,0,0,NA,NA
2022-09-20,2,1,ad wide,10,114.4,1,0,5.9512,-2.8313
2022-09-20,2,1,ad tee,11,114.3,0,0,NA,NA
2022-09-20,2,2,ad tee,11,97.3,1,0,4.9955,-0.5829
2022-09-20,2,1,ad tee,12,110.9,0,0,NA,NA
2022-09-20,2,2,deuce tee,12,79.6,1,0,4.1945,0.376
2022-09-20,2,1,ad tee,13,114.3,0,0,NA,NA
2022-09-20,2,2,deuce tee,13,82.5,1,0,5.5834,0.9788
2022-09-20,2,1,deuce wide,14,96.7,1,0,5.3188,3.4848
2022-09-20,2,1,deuce wide,15,96.1,1,0,5.9088,3.6338
2022-09-20,2,1,ad tee,16,101.3,0,0,NA,NA
2022-09-20,2,2,deuce tee,16,75.5,1,0,4.0824,1.3179
2022-09-20,2,1,ad wide,17,113.1,0,0,NA,NA
2022-09-20,2,2,ad wide,17,87.3,1,0,5.1052,-2.3199
2022-09-20,2,1,deuce wide,18,96.2,0,0,NA,NA
2022-09-20,2,2,ad wide,18,75.2,1,0,3.8156,-2.7272
2022-09-20,2,1,ad tee,19,112,0,0,NA,NA
2022-09-20,2,2,ad wide,19,76.4,1,0,4.0424,-2.1151
2022-09-20,2,1,deuce tee,20,118,1,0,5.141,1.2367
2022-09-20,2,1,deuce tee,21,110.8,0,0,NA,NA
2022-09-20,2,2,deuce wide,21,96.8,1,0,5.7949,1.8092
2022-09-20,2,1,ad wide,22,110,1,0,5.4292,-3.1875
2022-09-20,2,1,ad tee,23,116,0,0,NA,NA
2022-09-20,2,2,ad wide,23,97.8,1,0,5.7872,-3.4219
2022-09-20,2,1,deuce wide,24,95.1,0,0,NA,NA
2022-09-20,2,2,ad wide,24,78.3,1,0,5.7775,-2.4902
2022-09-20,2,1,deuce wide,25,96.6,1,0,6.6924,4.0739
2022-09-20,2,2,deuce wide,25,85.3,1,0,5.1625,3.9865
2022-09-20,2,1,deuce tee,26,110.3,1,0,6.5128,1.4696
2022-09-20,2,1,deuce wide,27,89.8,1,0,4.1486,2.9857
2022-09-20,2,1,deuce tee,28,112.1,1,0,5.8508,0.8531
2022-09-20,2,1,ad wide,29,115.1,0,0,NA,NA
2022-09-20,2,2,ad wide,29,75.5,1,0,5.1697,-3.0691
2022-09-20,2,1,ad wide,30,105.8,0,0,NA,NA
2022-09-20,2,2,deuce tee,30,88.5,1,0,6.9545,1.5566
2022-09-27,2,1,deuce tee,1,123.6,1,1,NA,NA
2022-09-27,2,1,deuce tee,2,109.3,1,0,5.314,1.3502
2022-09-27,2,1,deuce wide,3,87.1,1,0,5.2193,4.0794
2022-09-27,2,1,deuce tee,4,115.6,1,0,6.9156,0.6721
2022-09-27,2,2,ad wide,5,76.9,1,0,4.234,-2.818
2022-09-27,2,1,ad wide,6,126.3,1,0,5.5637,-3.0759
2022-09-27,2,1,ad tee,7,97.8,1,0,5.1862,-1.0444
2022-09-27,2,1,deuce tee,8,117,0,0,NA,NA
2022-09-27,2,2,ad wide,9,78,0,0,NA,NA
2022-09-27,2,1,ad wide,10,114.8,0,0,NA,NA
2022-09-27,2,2,deuce tee,11,79.1,1,0,4.4399,1.441
2022-09-27,2,1,ad tee,12,106.5,1,0,5.5611,-0.5794
2022-09-27,2,1,deuce tee,13,116.6,1,0,5.7925,0.7929
2022-09-27,2,1,deuce wide,14,91.9,1,0,4.2751,3.2267
2022-09-27,2,1,ad wide,15,111.5,1,0,5.6646,-2.9101
2022-09-27,2,1,ad wide,16,113.9,1,0,6.2827,-4.4029
2022-09-27,2,2,ad wide,17,81.9,1,0,5.556,-3.0627
2022-09-27,2,1,ad wide,18,114.4,1,0,5.6838,-3.1292
2022-09-27,2,1,deuce wide,19,98.4,1,0,5.9462,3.6536
2022-09-27,2,1,ad tee,20,101.6,1,0,5.5751,0.0649
2022-09-27,2,1,ad wide,21,115.6,1,0,8.1755,-3.0256
2022-09-27,2,2,ad wide,22,70.9,0,0,NA,NA
2022-09-27,2,1,deuce tee,23,112.9,1,0,6.0972,1.3564
2022-09-27,2,1,ad tee,24,101.5,1,0,5.1153,-0.3452
2022-09-27,2,1,ad tee,25,105.2,1,0,5.4574,-0.4477
2022-09-27,2,1,deuce wide,26,96.3,1,0,5.1024,3.4537
2022-09-27,2,1,ad wide,27,112.1,0,0,NA,NA
2022-09-27,2,2,deuce wide,28,76.9,1,0,5.2269,3.0459
2022-09-27,2,1,deuce tee,29,112.1,1,0,6.4947,1.024
2022-09-27,2,2,ad wide,30,79,1,0,4.594,-2.4761
2022-11-18,3,1,ad tee,1,105.2,1,0,5.3217,0.0499
2022-11-18,3,2,deuce wide,2,95.6,1,0,4.9913,3.7221
2022-11-18,3,1,deuce tee,3,106.4,1,0,4.4454,0.486
2022-11-18,3,1,deuce wide,4,101.3,1,0,4.9708,3.5306
2022-11-18,3,1,deuce tee,5,114.4,1,0,7.1935,1.572
2022-11-18,3,2,ad tee,6,90.4,1,0,5.4414,-0.7293
2022-11-18,3,1,deuce wide,7,105.2,1,0,5.45,3.7466
2022-11-18,3,1,ad tee,8,109.3,1,0,5.5278,-0.2936
2022-11-18,3,1,deuce tee,9,112.7,1,0,6.1835,0.4516
2022-11-18,3,1,ad wide,10,75.9,1,0,4.9678,-4.3929
2022-11-18,3,2,deuce wide,11,83,1,0,5.9849,3.419
2022-11-18,3,1,ad wide,12,75.4,1,0,6.0276,-4.3021
2022-11-18,3,2,deuce tee,13,77.6,1,0,4.4099,2.191
2022-11-18,3,2,ad wide,14,75.6,1,0,3.8343,-2.3779
2022-11-18,3,1,ad wide,15,77.6,1,0,5.5035,-3.3205
2022-11-18,3,1,ad tee,16,105.8,1,0,5.48,0.3468
2022-11-18,3,2,ad wide,17,77.1,1,0,3.8236,-3.271
2022-11-18,3,1,ad tee,18,105.4,1,0,4.5606,-0.8703
2022-11-18,3,2,deuce tee,19,80.9,1,0,5.6365,0.3861
2022-11-18,3,1,ad tee,20,110.8,1,0,7.1441,-1.0834
2022-11-18,3,2,deuce tee,21,93.6,1,0,4.8011,0.2774
2022-11-18,3,1,ad wide,22,73.8,0,0,NA,NA
2022-11-18,3,1,ad tee,23,112.9,0,0,NA,NA
2022-11-18,3,2,deuce tee,24,100.4,1,0,6.9026,1.0189
2022-11-18,3,1,deuce tee,25,109.9,1,0,7.8664,0.1496
2022-11-18,3,2,deuce tee,26,83.6,1,0,4.6054,0.5306
2022-11-18,3,1,ad wide,27,78.6,1,0,3.9544,-2.658
2022-11-18,3,1,ad wide,28,78.6,0,0,NA,NA
2022-11-18,3,2,ad wide,29,75.8,1,0,6.0661,-3.3079
2022-11-18,3,2,ad wide,31,78.3,1,0,4.8667,-3.3451
2023-03-15,5,1,ad wide,1,88.6,1,0,5.711,-3.4483
2023-03-15,5,1,deuce wide,2,81.9,0,0,NA,NA
2023-03-15,5,2,deuce tee,3,71.9,1,0,4.2047,1.5397
2023-03-15,5,1,ad wide,4,91.4,1,0,5.0686,-3.7554
2023-03-15,5,1,deuce tee,5,94.6,1,0,4.6886,1.3571
2023-03-15,5,1,ad wide,6,95.4,1,0,5.1488,-3.7836
2023-03-15,5,1,deuce wide,7,71.3,1,0,4.9945,3.96
2023-03-15,5,1,ad tee,8,NA,1,0,4.4842,0.4769
2023-03-15,5,2,ad wide,9,75.5,1,0,4.8492,-2.1149
2023-03-15,5,1,deuce tee,10,99.2,1,0,4.4111,1.0375
2023-03-15,5,1,deuce tee,11,104.4,0,0,NA,NA
2023-03-15,5,2,deuce wide,12,74.6,1,0,5.0957,4.3322
2023-03-15,5,1,deuce wide,13,90.3,1,0,4.0757,3.6007
2023-03-15,5,1,ad tee,14,99.5,1,0,5.4737,-0.493
2023-03-15,5,1,deuce tee,15,104.2,1,0,5.2636,0.3597
2023-03-15,5,1,ad wide,16,105.5,1,0,5.1173,-3.2522
2023-03-15,5,1,deuce wide,17,NA,1,0,4.5931,3.979
2023-03-15,5,1,deuce wide,18,82.2,0,0,NA,NA
2023-03-15,5,2,deuce tee,19,79.7,1,0,4.2424,0.6773
2023-03-15,5,1,ad wide,20,92.5,1,0,5.6249,-3.4971
2023-03-15,5,1,deuce tee,21,95.9,0,0,NA,NA
2023-03-15,5,2,deuce tee,22,NA,1,0,5.6517,-0.2305
2023-03-15,5,1,ad tee,23,67.3,1,0,5.4219,-0.0254
2023-03-15,5,1,ad tee,24,92.1,1,0,4.6225,0.087
2023-03-15,5,1,deuce tee,25,106.9,1,0,6.6681,1.7234
2023-03-15,5,2,deuce tee,26,79.6,1,0,4.1214,0.7403
2023-03-15,5,1,ad wide,27,77.6,1,0,6.73,-3.9341
2023-03-15,5,2,ad tee,28,80.3,1,0,6.0872,-1.6737
2023-03-15,5,1,ad tee,29,95,1,0,6.2333,-1.2128
2023-03-15,5,1,deuce tee,30,93.6,1,1,NA,NA
2023-03-15,5,1,deuce wide,31,90,0,0,NA,NA
2023-03-15,5,2,deuce tee,32,79.5,0,0,NA,NA
2023-03-15,5,1,ad wide,33,86,1,0,4.6136,-2.7903
2023-03-15,5,1,deuce tee,34,94.4,1,0,5.2645,1.5863
2023-03-15,5,1,ad wide,35,82.8,1,0,5.9043,-3.583
2023-03-15,5,1,ad wide,36,90,1,0,4.9168,-3.4903
2023-03-15,5,1,deuce tee,37,98.7,1,0,6.2564,0.865
2023-03-15,5,1,ad wide,38,88.4,1,0,5.1738,-3.3602
2023-03-15,5,1,deuce wide,39,85.1,1,0,4.5589,3.557
2023-03-15,5,1,ad tee,40,106.8,1,0,5.3634,0.0448
2023-03-15,5,1,deuce wide,41,89.2,1,0,5.6775,3.4873
2023-03-15,5,1,ad tee,42,NA,1,0,4.4499,0.0029
2023-03-15,5,1,deuce tee,43,99.9,1,0,4.6481,0.2569
2023-03-15,5,1,ad wide,44,89.1,1,0,4.8349,-2.712
2023-03-15,5,1,ad wide,45,89.2,1,0,6.015,-4.6391
2023-03-15,5,2,ad wide,46,NA,0,0,NA,NA
2023-03-15,5,1,ad tee,47,88.6,0,0,NA,NA
2023-03-15,5,2,ad wide,48,81.8,1,0,5.2891,-2.3889
2023-03-15,5,1,deuce wide,49,87,1,0,4.1042,2.6214
2023-03-15,5,1,ad tee,50,102,0,0,NA,NA
2023-03-15,5,2,ad tee,51,80.7,1,0,5.852,-1.1638
2023-03-15,5,1,deuce wide,52,85.3,1,0,4.4784,2.7229
2023-03-15,5,1,ad wide,53,101.8,1,0,5.5035,-3.3205
2023-03-15,5,1,ad tee,54,96.5,1,0,7.9131,-0.8918
2023-03-15,5,2,ad wide,55,74.1,0,0,NA,NA
2023-03-15,5,1,deuce tee,56,93.9,1,0,4.665,0.5384
2023-03-15,5,1,ad wide,57,91.5,0,0,NA,NA
2023-03-15,5,2,ad wide,58,75.3,1,0,5.018,-2.7873
2023-03-15,5,1,deuce tee,59,94.8,1,0,4.7097,0.7698
2023-03-15,5,1,ad tee,60,91.7,1,0,4.9536,-0.5751
2023-03-15,6,1,deuce wide,1,76.9,1,0,4.3282,3.2214
2023-03-15,6,1,ad tee,2,87.4,1,0,5.7409,0.3794
2023-03-15,6,2,ad wide,3,63.7,0,0,NA,NA
2023-03-15,6,1,deuce wide,4,80.2,1,0,4.3722,2.7859
2023-03-15,6,1,ad wide,5,67.8,1,0,4.3322,-2.4528
2023-03-15,6,1,ad tee,6,88.4,1,0,5.7887,-0.2742
2023-03-15,6,1,deuce tee,7,96.3,1,0,8.6668,0.4866
2023-03-15,6,2,deuce tee,8,68.1,0,0,NA,NA
2023-03-15,6,1,ad tee,9,86.9,1,0,5.2939,-0.1689
2023-03-15,6,1,ad wide,10,86,1,0,4.9233,-2.0729
2023-03-15,6,1,deuce wide,11,74.9,0,0,NA,NA
2023-03-15,6,2,deuce tee,12,66.1,1,0,4.2595,1.1503
2023-03-15,6,1,ad wide,13,79.3,1,0,6.7267,-4.5475
2023-03-15,6,2,ad tee,14,NA,1,0,5.5455,-0.4361
2023-03-15,6,1,deuce wide,15,84.1,1,0,5.4359,4.2796
2023-03-15,6,2,deuce wide,16,66.6,1,0,3.55,3.9129
2023-03-15,6,1,deuce tee,17,81.3,1,0,6.1882,0.9259
2023-03-15,6,1,deuce wide,18,NA,1,0,3.5927,3.9739
2023-03-15,6,1,ad tee,19,94.8,1,0,6.0542,-0.3662
2023-03-15,6,1,deuce tee,20,105.9,1,0,7.0372,0.2754
2023-03-15,6,2,deuce tee,21,74.2,1,0,3.7266,0.8754
2023-03-15,6,1,deuce wide,22,76.3,0,0,NA,NA
2023-03-15,6,2,deuce wide,23,66.9,1,0,4.6626,4.1835
2023-03-15,6,1,ad tee,24,NA,1,0,4.7159,0.5786
2023-03-15,6,2,ad wide,25,NA,1,0,4.7845,-3.0117
2023-03-15,6,1,deuce wide,26,73.2,1,0,5.0032,3.4654
2023-03-15,6,1,deuce wide,27,77.7,1,0,5.1628,3.8879
2023-03-15,6,1,ad tee,28,94.5,1,0,6.648,-0.2272
2023-03-15,6,2,ad wide,29,65,1,0,4.8638,-3.0057
2023-03-15,6,1,deuce tee,30,99.5,1,0,8.5663,0.5556
2023-03-15,6,1,ad tee,31,89.1,1,0,4.6471,-0.4891
2023-03-15,6,1,deuce wide,32,76.1,1,0,5.2075,3.3319
2023-03-15,6,1,deuce wide,33,79.9,1,0,4.9461,3.3713
2023-03-15,6,1,deuce wide,34,78.2,0,0,NA,NA
2023-03-15,6,2,deuce tee,35,65.4,1,0,3.945,1.0264
2023-03-15,6,1,ad tee,36,89.2,0,0,NA,NA
2023-03-15,6,2,ad wide,37,65.1,1,0,3.9919,-2.2417
2023-03-15,6,1,deuce tee,38,98.1,1,0,5.8012,1.0893
2023-03-15,6,1,ad wide,39,107.1,1,0,6.287,-3.7446
2023-03-15,6,1,deuce tee,40,105.8,1,0,6.9983,1.1935
2023-03-15,6,2,deuce tee,41,72.9,1,0,3.8979,0.5504
2023-03-15,6,1,deuce wide,42,79.3,0,0,NA,NA
2023-03-15,6,2,deuce wide,43,78.1,1,0,3.9678,3.2055
2023-03-15,6,1,deuce tee,44,104.4,1,0,6.9169,1.5473
2023-03-15,6,2,deuce wide,45,78.2,1,0,4.3757,3.3914
2023-03-15,6,1,ad wide,46,67.5,1,0,4.5797,-2.6029
2023-03-15,6,1,ad tee,47,92.3,1,0,5.4577,-0.1145
2023-03-15,6,1,ad wide,48,85.8,1,0,5.0182,-4.4537
2023-03-15,6,2,ad wide,49,68.1,1,0,5.0543,-3.4218
2023-03-15,6,1,ad tee,50,93.9,1,0,4.9908,-0.4741
2023-03-17,1,1,deuce tee,1,85.9,1,0,6.1955,0.0761
2023-03-17,1,1,deuce wide,2,89.3,1,0,5.6148,3.4335
2023-03-17,1,1,ad tee,3,92.7,1,0,5.9297,0.2224
2023-03-17,1,1,deuce wide,4,91.6,1,0,4.4676,3.4175
2023-03-17,1,1,ad tee,5,92.2,1,0,5.2661,0.4831
2023-03-17,1,2,ad tee,6,79.2,1,0,5.5764,-1.2356
2023-03-17,1,1,deuce wide,7,NA,1,1,4.9335,2.9133
2023-03-17,1,1,deuce wide,8,NA,1,0,5.0851,3.937
2023-03-17,1,1,deuce wide,9,90.8,1,0,4.7357,4.6672
2023-03-17,1,2,deuce tee,10,60.8,1,0,5.1341,0.4895
2023-03-17,1,1,ad wide,11,82.4,1,0,5.1432,-3.6842
2023-03-17,1,1,ad wide,12,80.7,1,0,5.6259,-4.3619
2023-03-17,1,2,ad tee,13,83.4,1,0,5.0102,-0.9797
2023-03-17,1,1,deuce tee,14,82.8,1,0,4.9441,0.2928
2023-03-17,1,1,ad tee,15,90.5,0,0,NA,NA
2023-03-17,1,2,ad wide,16,70.4,0,0,NA,NA
2023-03-17,1,1,ad wide,17,70.1,1,0,5.6032,-3.8742
2023-03-17,1,1,ad wide,18,86.5,1,1,5.5173,-4.5706
2023-03-17,1,2,ad tee,19,89.9,1,0,6.1901,-0.7931
2023-03-17,1,1,ad tee,20,83.2,1,0,4.8152,-0.6884
2023-03-17,1,1,deuce wide,21,85.3,0,0,NA,NA
2023-03-17,1,2,deuce tee,22,69.8,0,0,NA,NA
2023-03-17,1,1,ad tee,23,79.7,1,0,4.8661,0.662
2023-03-17,1,2,ad wide,24,70.4,1,0,5.4269,-2.8028
2023-03-17,1,1,deuce tee,25,89.1,1,0,7.3253,0.7678
2023-03-17,1,2,deuce tee,26,67.3,1,0,4.5673,0.0476
2023-03-17,1,1,deuce wide,27,NA,0,0,NA,NA
2023-03-17,1,2,deuce wide,28,73.3,1,0,6.3542,3.5562
2023-03-17,1,1,ad tee,29,88.1,1,0,4.6331,-0.6803
2023-03-17,1,1,deuce wide,30,NA,1,0,4.7149,3.6365
2023-03-17,1,1,ad tee,31,92.9,0,0,NA,NA
2023-03-17,1,2,ad wide,32,73.2,1,1,4.6424,-3.1829
2023-03-17,1,2,ad tee,33,72.9,1,0,4.7829,-1.6964
2023-03-17,1,1,ad wide,34,91,1,1,5.6671,-3.6132
2023-03-17,1,1,ad wide,35,87.4,1,0,4.4934,-3.72
2023-03-17,1,1,deuce tee,36,96.7,1,0,5.8829,0.0537
2023-03-17,1,2,deuce wide,37,90.8,1,0,6.8194,5.539
2023-03-17,1,1,ad wide,38,90.4,1,1,5.7288,-2.6204
2023-03-17,1,1,ad wide,39,92.9,1,0,4.8596,-1.8281
2023-03-17,1,1,ad wide,40,85.3,1,0,5.0405,-3.48
2023-03-17,1,1,ad tee,41,94.7,0,0,NA,NA
2023-03-17,1,2,ad wide,42,71.1,1,0,4.3491,-2.8995
2023-03-17,1,1,ad tee,43,94.4,1,0,5.0271,-1.005
2023-03-17,1,1,ad tee,44,95.3,1,0,6.174,0.6845
2023-03-17,1,2,ad wide,45,72.7,1,0,4.5067,-3.5142
2023-03-17,1,1,ad tee,46,92,1,0,6.3168,-0.663
2023-03-17,1,1,ad tee,47,93.6,1,0,6.4394,-0.1756
2023-03-17,1,1,deuce tee,48,98.4,1,0,5.9859,-0.0586
2023-03-17,1,2,deuce tee,49,76.9,1,0,4.7363,1e-4
2023-03-17,1,1,ad tee,50,79.4,1,0,4.7991,-0.0861
2023-03-17,1,1,deuce tee,51,100,0,0,NA,NA
2023-03-17,1,2,deuce wide,52,90.1,0,0,NA,NA
2023-03-17,1,1,deuce wide,53,94.7,1,0,5.7117000000000004,4.1482
2023-03-17,1,1,ad tee,54,93.6,0,0,NA,NA
2023-03-17,1,2,ad wide,55,NA,1,0,6.3872,-2.8264
2023-03-17,1,1,deuce wide,56,84.3,1,0,4.7149,3.6365
2023-03-17,1,1,ad wide,57,87.4,1,0,7.2999,-4.1593
2023-03-17,1,2,ad tee,58,102.7,1,0,4.9498,0.2195
2023-03-17,1,1,deuce tee,59,98.1,1,0,6.263,0.6012
2023-03-17,1,1,deuce wide,60,91.6,0,0,NA,NA
2023-03-17,4,1,deuce wide,1,84.1,0,0,NA,NA
2023-03-17,4,1,ad wide,2,106.9,1,0,6.73,-3.9341
2023-03-17,4,2,ad wide,3,74.8,1,0,5.8455,-3.9325
2023-03-17,4,1,ad wide,4,113.1,1,0,6.9566,-4.0046
2023-03-17,4,2,ad wide,5,77.8,1,0,5.4298,-3.5522
2023-03-17,4,1,ad tee,6,103.6,1,0,6.7728,-1.4779
2023-03-17,4,2,ad wide,7,NA,1,0,6.6713,-3.2413
2023-03-17,4,1,deuce wide,8,81.9,1,0,5.1845,3.9324
2023-03-17,4,1,ad tee,9,98.5,1,0,6.336,-0.4407
2023-03-17,4,1,ad wide,10,104.1,1,0,5.5815,-3.834
2023-03-17,4,1,deuce tee,11,106.3,0,0,NA,NA
2023-03-17,4,2,deuce tee,12,82.2,1,0,4.9714,0.2366
2023-03-17,4,1,ad tee,13,109.1,1,0,5.528,-0.7401
2023-03-17,4,1,deuce wide,14,85.6,0,0,NA,NA
2023-03-17,4,2,deuce wide,15,80.9,1,0,5.3712,3.3706
2023-03-17,4,1,ad wide,16,107,0,0,NA,NA
2023-03-17,4,2,ad tee,17,88.3,1,0,5.4141,-0.2484
2023-03-17,4,1,ad tee,18,105.5,0,0,NA,NA
2023-03-17,4,2,ad wide,19,106.5,1,1,6.3067,-3.427
2023-03-17,4,2,ad tee,20,77.3,1,0,4.8779,-0.028
2023-03-17,4,1,deuce wide,21,95.1,1,0,4.6695,3.2808
2023-03-17,4,1,ad tee,22,99.1,1,0,6.4659,-0.0214
2023-03-17,4,1,ad tee,23,106.6,0,0,NA,NA
2023-03-17,4,2,ad wide,24,75.1,1,0,5.6783,-3.2736
2023-03-17,4,1,ad tee,25,88.8,1,0,5.0595,-0.4432
2023-03-17,4,1,ad wide,26,101.8,1,0,5.257,-3.8658
2023-03-17,4,1,deuce wide,27,90.5,1,0,4.8709,3.2532
2023-03-17,4,1,deuce tee,28,108.3,1,0,5.2943,1.3517
2023-03-17,4,1,ad tee,29,93.1,0,0,NA,NA
2023-03-17,4,2,ad tee,30,83.4,1,0,7.6652,-0.3946
2023-03-17,4,1,deuce tee,31,111.8,0,0,NA,NA
2023-03-17,4,1,ad wide,32,98,1,0,5.8179,-3.4746
2023-03-17,4,1,ad wide,33,103.1,0,0,NA,NA
2023-03-17,4,2,ad tee,34,82.5,1,1,NA,NA
2023-03-17,4,1,deuce wide,35,84.5,1,0,4.6695,3.2808
2023-03-17,4,1,ad tee,36,91.2,1,0,5.1203,0.358
2023-03-17,4,2,ad wide,37,NA,1,0,4.6571,-3.3445
2023-03-17,4,1,ad tee,38,104,1,0,6.173,-0.927
2023-03-17,4,1,deuce tee,39,104.9,1,0,5.4046,-0.2365
2023-03-17,4,2,deuce wide,40,80.1,1,0,4.8525,3.7541
2023-03-17,4,1,deuce wide,41,73.9,1,0,4.8681,3.6575
2023-03-17,4,1,ad wide,42,101.6,0,0,NA,NA
2023-03-17,4,2,ad wide,43,69.1,1,0,3.9989,-2.138
2023-03-17,4,1,deuce wide,44,81.8,1,0,4.8063,3.4351
2023-03-17,4,1,deuce wide,45,79.4,0,0,NA,NA
2023-03-17,4,2,deuce tee,46,79.2,1,0,5.5599,0.9261
2023-03-17,4,1,ad tee,47,96.2,1,0,6.0657,-0.7982
2023-03-17,4,1,ad tee,48,106.7,1,0,5.4187,-0.9358
2023-03-17,4,1,deuce tee,49,108.9,1,0,5.3721,0.2118
2023-03-17,4,1,deuce tee,50,109.6,0,0,NA,NA
2023-03-17,4,2,deuce tee,51,70.7,1,0,4.7236,1.3894
2023-03-17,4,1,ad wide,52,107.8,1,0,6.366,-2.9696
2023-03-17,4,1,deuce tee,53,104.3,0,0,NA,NA
2023-03-17,4,2,deuce wide,54,75.1,1,0,4.0104,3.0661
2023-03-17,4,1,deuce wide,55,91.9,1,0,6.1381,4.7552
2023-03-17,4,2,deuce tee,56,71.4,1,0,4.2634,0.542
2023-03-17,4,1,deuce tee,57,107.6,0,0,NA,NA
2023-03-17,4,2,deuce tee,58,80.7,1,0,6.952,1.2843
2023-03-17,4,1,ad tee,59,96.6,1,0,6.862,0.4919
2023-03-17,4,2,ad wide,60,78.9,1,0,4.7081,-3.3204
2023-12-14,7,1,deuce tee,1,103.9,1,0,5.9765,-0.0259
2023-12-14,7,2,deuce tee,2,NA,1,0,3.995,1.4463
2023-12-14,7,1,ad wide,3,96.4,1,0,4.9923,-4.298
2023-12-14,7,2,ad wide,4,73.2,0,0,NA,NA
2023-12-14,7,1,ad wide,5,100.1,1,0,6.655,-3.3997
2023-12-14,7,2,ad tee,6,79.9,1,0,5.4692,-0.6123
2023-12-14,7,1,ad tee,7,103.9,0,0,NA,NA
2023-12-14,7,2,ad tee,8,83,1,0,4.5701,-0.0994
2023-12-14,7,1,deuce tee,9,101.1,0,0,NA,NA
2023-12-14,7,2,deuce wide,10,82.9,1,0,6.2773,3.1213
2023-12-14,7,1,deuce tee,11,100.5,1,0,6.6658,0.9199
2023-12-14,7,2,deuce tee,12,80.8,1,0,5.2044,0.7549
2023-12-14,7,1,ad wide,13,105.6,1,0,6.8165,-4.3128
2023-12-14,7,2,ad tee,14,86.8,1,0,4.5251,-0.7847
2023-12-14,7,1,deuce wide,15,95.1,0,0,NA,NA
2023-12-14,7,2,deuce wide,16,79.7,1,0,4.6862,4.1622
2023-12-14,7,1,ad wide,17,100.3,0,0,NA,NA
2023-12-14,7,2,ad wide,18,84.1,0,0,NA,NA
2023-12-14,7,1,deuce tee,19,99.3,1,0,5.2119,0.8446
2023-12-14,7,1,ad tee,20,105.9,0,0,NA,NA
2023-12-14,7,2,ad wide,21,82.1,0,0,NA,NA
2023-12-14,7,1,deuce tee,22,98.8,1,0,6.7874,0.6386
2023-12-14,7,2,deuce wide,23,NA,1,1,8.261,4.3198
2023-12-14,7,1,deuce tee,24,99.3,0,0,NA,NA
2023-12-14,7,2,deuce tee,25,85.1,1,0,5.2156,0.6828
2023-12-14,7,1,ad tee,26,104.4,1,0,6.4098,-0.497
2023-12-14,7,1,deuce tee,27,104.3,1,0,8.31,1.6943
2023-12-14,7,2,deuce wide,28,88.4,1,0,6.3721,4.9373
2023-12-14,7,1,deuce wide,29,96.2,1,0,5.0186,3.7407
2023-12-14,7,1,ad wide,30,102.6,1,0,6.0349,-3.2198
2023-12-14,7,1,deuce tee,31,90.2,0,0,NA,NA
2023-12-14,7,2,deuce wide,32,82,1,0,4.6873,4.7125
2023-12-14,7,1,ad wide,33,104.4,1,1,6.177,-4.3054
2023-12-14,7,2,ad wide,34,78.2,0,0,NA,NA
2023-12-14,7,1,ad tee,35,106.8,1,1,6.4623,-0.1534
2023-12-14,7,1,ad tee,36,106,0,0,NA,NA
2023-12-14,7,2,ad tee,37,86.1,1,0,5.6925,0.0871
2023-12-14,7,1,ad tee,38,96.4,0,0,NA,NA
2023-12-14,7,2,ad wide,39,84,1,0,4.6357,-3.5226
2023-12-14,7,1,deuce wide,40,90.6,1,0,5.0007,3.2293
2023-12-14,7,1,ad wide,41,102.8,1,0,6.8937,-3.7167
2023-12-14,7,2,ad wide,42,81.6,1,0,5.0063,-2.6897
2023-12-14,7,1,ad tee,43,106.2,1,0,7.4598,-1.3088
2023-12-14,7,2,ad wide,44,85.1,1,0,5.2728,-2.6103
2023-12-14,7,1,deuce wide,45,91.3,1,0,5.2568,2.8435
2023-12-14,7,1,deuce wide,46,92.4,1,0,5.8731,4.1423
2023-12-14,7,1,deuce tee,47,103.1,1,0,6.877,0.6028
2023-12-14,7,2,deuce wide,48,86.6,0,0,NA,NA
2023-12-14,7,1,ad tee,49,98.9,1,0,4.8682,-0.6342
2023-12-14,7,1,ad tee,50,105.1,1,0,6.739,-0.437
2023-12-14,7,2,ad tee,51,84.4,1,0,5.5709,0.2236
2023-12-14,7,1,deuce tee,52,100.3,1,0,8.7328,1.513
2023-12-14,7,2,deuce wide,53,85,1,0,5.4241,3.3404
2023-12-14,7,1,ad tee,54,104.8,1,1,5.2976,-1.2637
2023-12-14,7,1,ad wide,55,100.4,1,1,5.8121,-3.7064
2023-12-14,7,1,ad wide,56,107.3,0,0,NA,NA
2023-12-14,7,2,ad tee,57,82.5,1,0,4.7919,0.4834
2023-12-14,7,1,ad tee,58,104.6,1,0,5.4658,-0.1474
2023-12-14,7,1,deuce tee,59,105,1,1,6.8839,0.6581
2023-12-14,7,2,deuce tee,60,84.9,1,0,7.3194,-0.4111
2023-12-14,8,1,ad tee,1,123.4,1,0,5.3843,-0.3306
2023-12-14,8,1,deuce wide,2,142.1,0,0,NA,NA
2023-12-14,8,2,deuce tee,3,110.3,1,0,7.0528,-0.1607
2023-12-14,8,1,deuce tee,4,124.6,1,0,6.9885,0.8331
2023-12-14,8,2,deuce wide,5,101.1,1,0,4.9202,3.4456
2023-12-14,8,1,deuce wide,6,123.6,1,0,6.1875,3.6314
2023-12-14,8,1,ad tee,7,146.8,1,0,6.6978,0.0408
2023-12-14,8,2,ad tee,8,109.1,1,0,4.518,-0.0242
2023-12-14,8,1,ad wide,9,105.1,1,0,5.6225,-3.5334
2023-12-14,8,1,deuce wide,10,117.2,1,0,6.3046,3.6697
2023-12-14,8,1,deuce wide,11,123.1,0,0,NA,NA
2023-12-14,8,2,deuce tee,12,109.7,0,0,NA,NA
2023-12-14,8,1,ad tee,13,130.1,1,1,5.3078,-0.0011
2023-12-14,8,1,ad tee,14,129.4,1,0,5.4807,0.3884
2023-12-14,8,2,ad wide,15,107.7,1,0,6.0699,-2.9816
2023-12-14,8,1,ad wide,16,110,1,0,5.8297,-3.6964
2023-12-14,8,1,deuce tee,17,129.5,1,0,5.5535,0.4133
2023-12-14,8,1,deuce tee,18,129.1,0,0,NA,NA
2023-12-14,8,2,deuce tee,19,123.9,1,0,5.3069,0.6422
2023-12-14,8,1,ad wide,20,104.1,1,0,5.5035,-3.3205
2023-12-14,8,1,deuce tee,21,125.9,1,0,5.1856,0.656
2023-12-14,8,1,ad tee,22,133.1,0,0,NA,NA
2023-12-14,8,2,ad tee,23,112.6,1,0,6.3326,-0.485
2023-12-14,8,1,deuce tee,24,125.8,1,0,5.7908,0.1761
2023-12-14,8,1,deuce tee,25,134.2,0,0,NA,NA
2023-12-14,8,2,deuce wide,26,104.3,1,0,5.6904,3.0706
2023-12-14,8,1,ad wide,27,110.3,0,0,NA,NA
2023-12-14,8,2,ad tee,28,113.9,1,0,5.3664,-0.189
2023-12-14,8,1,deuce tee,29,130.3,1,0,5.0799,0.1673
2023-12-14,8,1,deuce tee,30,134.3,0,0,NA,NA
2023-12-14,8,1,ad wide,31,106.6,1,0,6.9567,-4.6206
2023-12-14,8,2,ad wide,32,103.6,1,0,5.3466,-3.6482
2023-12-14,8,1,ad tee,33,131.1,1,0,6.907,-1.1162
2023-12-14,8,2,ad tee,34,101.3,1,0,5.7178,-1.1506
2023-12-14,8,1,ad wide,35,108.1,1,0,4.7898,-2.9408
2023-12-14,8,1,deuce wide,36,123.5,1,0,5.6641,3.0861
2023-12-14,8,1,deuce tee,37,127.8,1,0,7.3747,0.4382
2023-12-14,8,2,deuce tee,38,113.6,1,0,7.1114,0.55
2023-12-14,8,1,deuce wide,39,121.1,1,0,8.0947,4.5396
2023-12-14,8,2,deuce tee,40,113.3,1,0,5.2201,0.8938
2023-12-14,8,1,deuce wide,41,124.2,0,0,NA,NA
2023-12-14,8,2,deuce wide,42,112,1,0,6.4124,4.1967
2023-12-14,8,1,ad tee,43,133.1,1,0,4.9171,-0.6005
2023-12-14,8,1,ad tee,44,130.9,1,0,5.0733,-0.8261
2023-12-14,8,1,ad wide,45,102.8,1,0,6.4237,-3.7676
2023-12-14,8,1,deuce tee,46,127.3,0,0,NA,NA
2023-12-14,8,2,deuce tee,47,109.4,1,0,5.9718,0.737
2023-12-14,8,1,deuce tee,48,126.5,1,0,6.8306,0.6423
2023-12-14,8,2,deuce tee,49,104,1,0,5.0402,0.9353
2023-12-14,8,1,deuce wide,50,123.6,1,0,6.376,4.1847
2023-12-14,8,1,ad tee,51,132.6,1,0,6.3326,-0.485
2023-12-14,8,1,ad tee,52,128.8,1,0,6.0196,-0.0276
2023-12-14,8,1,deuce tee,53,131.6,0,0,NA,NA
2023-12-14,8,2,deuce wide,54,119.7,1,0,8.0991,3.8612
2023-12-14,8,1,deuce wide,55,122.6,1,0,10.098,5.2313
2023-12-14,8,2,deuce tee,56,124.9,1,0,6.2919,1.1381
2023-12-14,8,1,ad wide,57,107.1,0,0,NA,NA
2023-12-14,8,2,ad tee,58,113.4,1,0,5.457,-0.6217
2023-12-14,8,1,ad wide,59,124.3,1,0,5.8824,-3.6661
2023-12-14,8,1,ad tee,60,130.1,1,0,5.9629,-0.5262
